customer_id,firstname,lastname,phone
AAQ5802452,Claresta,Killigrew,81725668644
ABP3479587,Edyth,Means,39248457212
ABR9161593,Chandra,Gert,48034413616
ACM1985563,Monika,Barney,02128574377
ACN9523571,Elyssa,Clie,33617782513
ACS3606205,Jessamyn,Ramona,34553402044
ACY7441102,Joeann,Charity,56417852272
ADN4384456,Dode,McAdams,65862446026
AFE9896796,Nyssa,Gavrila,58849423567
AFG3238184,Xylina,Therine,63322667948
AGQ1363392,Fayre,Isidore,63928099875
AHX4455755,Camile,Chesna,34342908250
AJA8075615,Ginnie,Alcott,90016119657
AKU4782603,Raquela,Helfand,94334408513
AKV0776731,Basia,Evvie,17911747674
AMC9266758,Elora,Bach,73488951937
AMS7354707,Ada,Kirstin,41556786362
ANN2137654,Britte,Evangelia,30118647053
ANO9557338,Kittie,Bebe,36911897473
ANV4510941,Constance,Frendel,40603346063
ANZ4648505,Shaine,Philoo,37283924572
API6988903,Courtnay,Japeth,40436285132
AQC2161651,Ellette,Madaih,78975431381
AQP7472236,Tiffie,Pozzy,61660699431
AQQ1150144,Hayley,Wildermuth,95638816911
AQS7739249,Grier,Maisey,75982011166
AQW4113758,Elena,Trinetta,30103465423
ARM2283173,Pearline,Malvino,88859175388
ATB3574415,Meghann,Atcliffe,47503984028
ATR1682356,Heida,Shields,87366812148
AUO1389290,Sandie,Simmonds,51796181745
AUT0696734,Roberta,Alwin,42236103023
AVD0490839,Vanessa,Rozanna,46790753908
AWM6294959,Nickie,Alwin,93125480698
AXV1685954,Alisha,Corrine,91485125166
AYF7575689,Vita,Taima,42867382565
AYL7897612,Danika,Pattin,05365814134
AYQ0865227,Michaelina,Celestine,41676756949
AZR4578861,Elfreda,Fulmer,22583462882
AZY2760310,Cecile,Tippets,81239681636
BAO0261579,Jillayne,Francene,39380386485
BBU0450931,Kalina,Jarib,96487219526
BCC8816938,Lynde,Wadell,55176967585
BCG8342240,Emilia,Egbert,68235241724
BCK4938664,Selia,Hanshaw,43879928798
BCQ8517990,Elyssa,Elephus,02224075603
BDT5460147,Ivett,Jess,37306063143
BDU1715083,Kirbee,Nahum,28308393516
BDV9148314,Sophia,Infield,00480033461
BEE7135735,Nananne,Zeeba,42319534921
BFK7450956,Lindie,Lilybelle,73086514081
BFR5951550,Lynde,Ioab,75467551596
BFR6669812,Margalo,Ogren,52461929052
BGJ3137869,Blondelle,Corilla,93910953149
BHB4656767,Lizzie,Quent,65932901494
BHE1078786,Jaime,Alejoa,62334960085
BIM4083171,Tiffie,Toor,15561050364
BIV7232023,Hyacinthe,Bigner,40840508751
BKB2252749,Selia,Cristi,42401583829
BKF4712130,Gratia,Kaja,42100183649
BLW2202830,Talya,Lissi,26603988661
BMJ4302195,Claresta,Trinetta,59918852625
BMN7652315,Ebonee,Janith,94563642064
BPX1090790,Kial,Joli,83906500912
BQD0401213,Zia,Sherrie,09717471932
BRH2430624,Kara-Lynn,Whittaker,48623674626
BRP0986742,Leona,Bibi,81114314681
BRQ8921926,Correy,Uird,73458721596
BRV8858303,Gerianna,MacIntosh,02045114208
BRX4778516,Jaime,Eachern,12518241028
BSU6794528,Codie,Wattenberg,76666658250
BUH0401327,Brena,Alva,92426539098
BUN6932304,Inga,Aldric,04080680456
BVR2404179,Sybille,Sparhawk,77834284081
BXG3667215,Ulrike,Rossner,06326442441
BXV0921563,Evaleen,Elvyn,74401626272
BYG9899067,Trudie,Chick,00780893290
BYS8200358,Vonny,Hebner,18436868483
BZJ3538627,Georgina,Virgin,45298748770
CAZ5890386,Anthia,Stuart,87183669740
CBU4875412,Alisha,Salchunas,66985587216
CCI7796800,Rhea,Gordon,91618940204
CCU4669142,Aurore,Parette,44190236075
CDG9116283,Kary,Latini,31933678569
CDX5305472,Ekaterina,Ries,45692510029
CFE4248791,Chandra,Corabella,62276513613
CFE8672690,Kristan,Uird,56897106001
CGC6075184,Elena,Jacqui,45058576024
CGH6774090,Nadine,Rurik,70321806598
CGW1246061,Gretal,Alisia,52313286614
CGX6301720,Carmencita,Gregrory,95981306245
CHT1736033,Tersina,Corabella,41367681763
CHU6886774,Brana,Uund,61926214571
CJN1068322,Lenna,Sallyann,48700463823
CKM4045469,Dacia,Grayce,94624814660
CLI8555957,Zondra,Capello,61060928693
CLN7119850,Katleen,Obed,83617131229
CMC4758295,Deedee,Cleavland,40829457571
CMV0711909,Cristabel,Fancie,79396200602
CNP2108362,Beth,Kamaria,95225534337
COI6409044,Lonnie,Tamar,86085830515
CPK8751115,Chastity,Lorenz,69937337695
CPV1444770,Corly,Lamoree,76878450093
CQA2780470,Carly,Ax,84673230267
CQT7257944,Darlleen,Ezar,11602062623
CRQ4678179,Concettina,Toffic,16684762126
CSB6139509,Penelopa,Monaco,57396988450
CSW4308784,Asia,Rossner,11886128517
CTL9304385,Max,Chauncey,93423697657
CUP7218785,Lila,Hanshaw,24025846184
CVH6862383,Claresta,Chesna,58336455547
CVL8699967,Charissa,Bartlett,20469870208
CVW7982515,Tani,Ioab,27363778219
CWL1383133,Livvyy,Jess,03213502971
CWP0487942,Rebeca,Granoff,65325991361
CXC1534175,Josephine,Ovid,39675311104
CXM7215786,Brietta,Wenoa,43160557350
CYY7633421,Cherrita,Dorothy,02146282972
CZV6803017,Wileen,Keelia,50548171776
DAH7252332,Blinni,Rad,78503787872
DCB3539138,Fawne,Albertine,31422844426
DCG3465986,Rani,Guildroy,97425028628
DCR6676105,Bobbi,Gherardo,88320630110
DDM4456200,Vevay,Jerold,82234601983
DDU8909753,Clementine,Sigfrid,02064937227
DEU2411645,Heida,Kazimir,07993346984
DGL2750082,Sybille,Gaynor,15882510429
DGZ7888219,Elbertina,Fulmer,95519050421
DHS1388276,Lenna,Screens,30944145999
DIC4291273,Merrie,Charmine,39148723096
DID4576756,Stevana,Zuzana,50422347738
DID4748070,Odessa,Plato,74662160594
DIK1724397,Agathe,Slifka,16798282703
DIT2710376,Vinita,Lacombe,39763329714
DJO0320584,Glenda,Dawkins,57581973922
DJX4423952,Diena,Fiann,55701833982
DKH2416651,Frank,Johnsson,71467962915
DKZ8425182,Lindie,Robertson,98832517889
DLN4057835,Roseline,Fredi,96943121713
DLU9521584,Feliza,Tybald,68501568645
DLZ6499797,Riannon,Amethist,36270177925
DMP4228511,Orelia,Henrie,56080166134
DMQ7802814,Ginnie,Adrienne,81214544353
DOH2804295,Jenilee,Buckler,83825303218
DOU9842571,Jaime,Fulmer,41430348657
DPF8156022,Melodie,Janene,95725581440
DRB5823318,Meriel,Ade,43984410755
DRZ0077775,Sallie,Dorothy,68801518105
DSU1341137,Morganica,Willie,79934982743
DTE1906192,Phedra,Dominy,55481643547
DTU5283976,Miquela,Olnee,46691234554
DVN0723696,Gwyneth,Melan,10610298503
DVU2318944,Elyssa,Loeb,29329520286
DVY3418296,Grier,Gwenore,87876407038
DWB7284657,Kathy,Jenness,80131650866
DWK3341575,Ethel,Decato,50414084131
DYQ9844318,Cam,Madaih,39886239347
EAF3333320,Kial,Gaynor,05221657827
EAO5287848,Kary,Lenny,26363184206
EAV2821023,Etta,Stoller,76082373236
EBI2500905,Zaria,Jefferey,64301901916
EBQ1896154,Nanete,Ariella,66248632208
ECE9254702,Olwen,Bouchard,29613193250
ECO2465879,Dulcinea,Whittaker,85371191658
ECW3795625,Mariann,Fitzsimmons,80759807667
ECW5832843,Coral,Durware,25722131461
ECY0184911,Winny,Zeeba,82586075247
EDG7409559,Sophia,Darrell,99468879509
EEB6173349,Siana,Durware,16774576809
EFO5717566,Alleen,Bonucci,93624272434
EGJ3093697,Sam,Ulphia,45862362935
EGT9405895,Gavrielle,Letsou,75566891863
EHB8880809,Winifred,Mozelle,11535736794
EIO4969257,Laurene,Smitt,12740665228
EKQ2060317,Amii,Stacy,04706321645
EKV7618571,Sherrie,Thunell,69728005058
ELM4585688,Lucy,Roche,58270947755
ELN2821259,Raquela,Shanley,35268457552
EMC9197289,Nanete,Norrie,19745707820
EME0857126,Kirstin,Smitt,75731131524
EOL4828058,Brandise,Markman,40519697869
EOX2883827,Brandise,Heisel,40473547824
EPM0659735,Averyl,Paine,92235845605
EQO5252175,Frank,Pascia,24252344043
EQW1281630,Merci,Gahl,48337937688
ERA2465788,Marjie,Gunn,49344665727
ERJ1158304,Cordi,Merriott,66858282931
ERK9374100,Bertine,Darbie,14089649241
ERO0509720,Karly,Campball,22092892612
ESH7890370,Ivett,Zrike,87584460004
ESQ9392403,Codie,Johnsson,58076318862
ESV8662987,Berget,Socha,20950252081
ESX5053596,Madeleine,Argus,05697450339
ETB4458419,Leontine,Sammons,96417222110
EVU8417347,Brietta,Laurianne,25980529629
EWF4003178,Babita,Alice,22379340021
EXP1993981,Tabbatha,Malina,18866097974
EZO8140459,Ingrid,Sikorski,05115944599
EZQ4946824,Cindelyn,Ehrman,64951730027
EZX1968694,Flory,Paine,24525694259
EZX2144456,Dorthy,Stevy,65263045994
FAM5029327,Feliza,Gower,38107611592
FAP6548708,Shaylyn,Kamaria,58161709510
FAQ7806055,Michaelina,Elo,51383015930
FAU9829983,Lorie,Ulphia,76968159158
FBV4327758,Kerrin,Yusuk,41416042415
FCF7897410,Agnese,Alexandr,55461841208
FCI1552661,Florie,Codding,37621112074
FCM9488209,Hildegaard,Rona,70450284471
FCP0203594,Roslyn,Jethro,32163970395
FDX0589379,Olivette,Secrest,00179541507
FGW0181795,Eolanda,Henrie,12009184649
FHL0020349,Cherilyn,Carmena,65797996915
FIM9713663,Mady,Sisile,61007332949
FJZ6170565,Stacey,Elbertina,06240916484
FKI9311840,Delilah,Emanuel,16386308393
FKP7840771,Mady,Martguerita,66742883462
FLP6785444,Minda,Shaver,18449665093
FLV2188772,Mary,Glenden,30110570986
FLY3970389,Jennica,Sandye,55808552530
FMP4106297,Esmeralda,Markman,17624138362
FMY3084711,Gusty,Nisbet,80072620613
FNA0668599,Corry,Fax,55546065183
FNP0809140,Ronna,Nester,35477864512
FOH3515619,Corly,Orelee,97978436148
FPO0079851,Carree,Gordon,25411213557
FQR9998127,Merry,Willie,17361722859
FQX6798433,Rhea,Tamsky,05575762836
FRG0854812,Anestassia,Maryanne,15420877467
FRV8674050,Rani,Moseley,37880616496
FSH1834271,Tori,Anton,10242729846
FSM6491931,Ruthe,Dyche,30077439613
FTS1433789,Pierette,Swanhildas,62942665983
FUC4579963,Emilia,Drus,86276563827
FVO3985043,Shauna,Janith,65501751134
FVV1545897,Gwenneth,Fadiman,49674682986
FWG4493996,Orelia,Jillane,44826992609
FWH5443860,Laurene,Linehan,76092770926
FWX8395899,Anica,Warthman,32386549303
FXC3388506,Rosanne,Iiette,82715304055
FZF0845243,Joelly,Connelly,81444392657
FZH5435469,Marsiella,Raffo,43458053367
FZP7568658,Nollie,Vernier,15776073973
GAD8824106,Isa,Glenden,44010479485
GAQ8265105,Cathyleen,Gemini,72151526474
GBN0422145,Fred,Faria,96137524444
GBU9487655,Leanna,Yerkovich,71944354739
GDP1238861,Jemie,Maiah,91424164822
GEX6420557,Ingrid,Khorma,79312318946
GFT5329807,Norine,Anastatius,52823790155
GGY1364251,Joceline,Vilma,99886329759
GIC4266307,Annora,Ursulette,66704841689
GIC9528201,Annecorinne,Rooney,31999025684
GIO8517743,Hettie,Krystle,72437076476
GIR2732969,Cecile,Toor,46386797490
GIR6972275,Cacilie,Gavrila,95139821020
GJH8281225,Minda,Sherrie,75320190657
GJZ6163666,Aimil,Jacinda,96168123935
GKC2849604,Shaine,Barrus,84923253049
GKX6114282,Amii,Arne,15161235288
GKX9210625,Aurelie,Heidt,31620084600
GKY7168573,Layla,Bashemeth,27380052667
GLP4552653,Cathyleen,Wesle,81607768690
GMT9545459,Myriam,Ries,05293668940
GNF5295689,Merry,Gombach,25397200316
GNH8539381,Juliane,Bari,26282402023
GOA9520624,Tracey,Allare,88697670195
GPE9954874,Beatriz,Letsou,34034937402
GPU8108155,Roz,Tippets,55717304664
GQF4674752,Alyda,Rooney,83468722387
GQI7069535,Devina,Isacco,18726639524
GQJ6993424,Vinita,MacIntosh,63145229217
GTJ0915310,Ada,Ilka,31982112022
GTR5127770,Alameda,Lane,43602606484
GVD6596760,Shannah,Desai,95434128543
GVO1794974,Lilith,Mayeda,94036836676
GWH1016215,Lusa,Konyn,47980911348
GXL1562399,Darci,Therine,14809725382
GYR6261397,Katuscha,Tremayne,88342576843
GYR8229781,Aeriela,Fairweather,04290710498
GYU8507250,Mady,Lanita,52982971868
GZP9515776,Alameda,Leler,50089742043
GZW9482676,Genovera,Marcellus,82230992817
HBM2986965,Mahalia,Sinegold,34757519649
HCK1646129,Alejandra,Arquit,31719647973
HDC6512742,Mathilda,Stefa,18376091174
HFP8815355,Carmencita,Rodmann,01207186915
HGG4593517,Jeanna,Old,72254768343
HGO7823728,Alyda,Swigart,52888055508
HHC3168167,Sybille,Phaidra,69112168231
HHZ0983966,Zia,Whittaker,86201681886
HIA2329231,Cordi,Erminia,87935414827
HIH4443463,Giustina,Florina,89315650272
HIT9729672,Janey,Klotz,86441390057
HIV1742417,Michaelina,Nester,33679210312
HIZ4243413,Selma,Holbrook,21529070583
HJQ1992476,Cassandra,Roxanna,68807623743
HKB4476493,Lelah,Zina,08716205289
HKF7378640,Lanae,Tristram,24756832805
HNJ4771399,Dyann,Faust,56530227190
HPI6723551,Cindelyn,Johanna,71746525540
HPW7742250,Steffane,Lowry,03659243450
HQB1950478,Sidoney,Hilbert,85819010238
HQE4747102,Desirae,Knowling,66016018531
HQG7105812,Dianemarie,Sammons,89617406569
HQO7366045,Etta,Ogren,64158194571
HQP8280599,Celene,Meli,13429671742
HQX2797441,Bill,Land,77589284228
HRG2539689,Ann-Marie,Tufts,48770735096
HRW4497749,Hollie,Presber,43182644548
HSM6791099,Dorthy,Cullin,78559837835
HTP9087560,Johna,Wandie,25012399206
HUJ1760089,Sashenka,Macey,95681919330
HVJ2340137,Angelique,Roarke,52556753193
HWA3405335,Averyl,Beebe,04075750538
HWL0990305,Ekaterina,Chabot,22453985779
HXE3439263,Leia,Wesle,41701541112
HXL2296401,Teddie,Byrne,68335728416
HXT2179212,Leontine,Trace,81870493077
HZR3028216,Charmaine,Salchunas,52322608225
HZT8419955,Ruthe,Charity,68297838214
IAR4369368,Madeleine,Cookie,02515445173
ICF1660885,Janenna,Regan,71587546407
ICP3081160,Antonietta,Philoo,13472448036
IEP2756213,Concettina,Shirberg,16642371193
IFT9081391,Tarra,Chinua,65941584078
IGD6646719,Miquela,Nickola,98743379321
IGK5112370,Hyacinthe,Eben,37581840098
IGM0175306,Kayla,Delacourt,70594351132
IGU3609985,Sheelagh,Xerxes,29700613998
IHH3088485,Chloris,Blisse,10737821767
IID3585772,Elvira,Schlosser,56565093834
IJA2653501,Corry,Bebe,30935982836
IJB8228437,Sara-Ann,Chandler,35194091640
IKD5640386,Lonnie,Mallon,04478987880
IKE1405975,Rori,Grayce,41989747769
IKT8083444,Marguerite,Knowling,17857228243
ILY7245621,Annabela,Colleen,14078090101
IMS7001104,Iseabal,Garrison,16343357159
INW4175401,Ethel,Lasley,05921190686
INZ6851343,Audrie,Fax,15965350554
IPD6336843,Marcy,Middleton,97132730655
IPI7940266,Joane,Ursulette,48777168962
IQB5980787,Carolina,Jillane,73030023120
IRB2600090,Zsa Zsa,Marisa,13204523957
IRB9619108,Atlanta,Eben,79569393970
IRJ3958581,Dulcinea,Cavan,55747856255
ISZ0375600,Emylee,Hunfredo,50007884030
ITO4358260,Dorthy,Dorcy,10762464703
IUJ0150062,Ayn,Norvol,23476477875
IUU7680821,Beverley,Carmena,06905649617
IVH5685006,Darlleen,Wind,95100653525
IVO9100276,Albertina,Reidar,46605567710
IXS5624578,Paulita,Truc,27676958509
IYW5853143,Genovera,Mitzi,58168884005
IZP9064832,Joelly,Brunell,36707578576
IZS2440217,Reeba,Suzetta,50574540096
JAM1818808,Annaliese,Gregrory,86826797853
JCO8412522,Annabela,Schonfeld,69429765119
JDF3418330,Karina,Diann,55339732041
JEY8499564,Darci,Bebe,25686454117
JFD6398661,Halette,Jerald,86347197662
JGP8935107,Amelia,Jillane,27591049387
JHI2297393,Di,Dash,57178238861
JHS7929781,Joceline,Newell,78712110247
JIP2792286,Evita,Mullane,71363339106
JJC9467654,Elvira,Herrera,71521265005
JJG2427640,Tierney,Belldas,99709473018
JJJ2739235,Letizia,Lail,32524373330
JKF8185992,Renie,Hunfredo,97579273279
JLE8485187,Calla,Gemini,97418226313
JMX6448004,Corly,Holbrook,02664323874
JMY8292746,Elora,Sperling,59745016192
JOS9180711,Leia,Kenwood,86204792908
JOW8282640,Raina,Vorster,51252478816
JPN1055539,Alie,Fillbert,60507881709
JPV2902756,Rhea,Cassius,66137390440
JRQ6167684,Hettie,Turne,38683130434
JSP7696998,Libbie,Cimbura,27375149022
JTJ5675311,Thalia,Couture,36284306590
JUD9384808,Sibella,Annabella,16072888681
JUH8930428,Laurene,Phaidra,28381134220
JVL1092007,Clary,Roxanna,68201561278
JVR4854800,Mariann,Macey,37986918473
JVZ4941139,Clementine,Oneida,18059759636
JWI1324424,Carolina,Roche,48485424241
JXO4806323,Fred,Lunsford,19411482178
JXU5328856,Vita,Soneson,93541055200
JYI6516128,Rozele,Carri,30668428173
JZS3208214,Kimmy,Brodench,38293228410
KAA7245531,Doro,Tiffa,04097354666
KAP5140039,Odessa,Hanleigh,17950762110
KBG5647715,Collen,Reidar,07300116618
KBI9299502,Helena,Liebermann,60696384902
KBN0913473,Corene,Henebry,84427440913
KBX7926339,Libbie,Florina,11437695461
KCB4283668,Gisela,Secrest,15736215245
KCE8488274,Correy,Clywd,73381415764
KCE9095760,Teddie,Delp,90476470855
KCG5036462,Adore,Kinnard,13780226964
KCS6980729,Bernardine,Horan,56497682074
KCW2612168,Nerta,Poppy,14579432660
KDC3361056,Kylynn,Daegal,61662389997
KDE3718012,Roz,Manolo,16615863133
KEN4389791,Ofilia,Munn,75302779911
KEP8589479,Dode,Mayeda,43527177723
KFL6743701,Chloris,Adlare,85626457326
KGQ5806385,Ashlee,Pozzy,08493392356
KGT2819897,Daphne,Donell,52766032007
KHF1901886,Kittie,McCutcheon,69649078698
KIA1933147,Lita,Chinua,53822970529
KIZ7997303,Tressa,Hashim,67091762166
KJK5249300,Raf,Norrie,45747597895
KJK7451804,Brooks,Jacobah,79517032109
KKB4562617,Rosabelle,My,13566939296
KKH2342689,Therine,Tound,24925228207
KLT7991819,Althea,Othilia,35087579941
KLU0747300,Madalyn,Richers,12835183102
KMA5516660,Vinita,Abernon,93061395665
KMZ7380795,Bettine,Dimitris,81489136349
KNL5561422,Clo,Pulsifer,94582925951
KOJ0313819,Blinni,Faso,20537199160
KOQ4945651,Evaleen,Libna,27954140200
KPC4737652,Inga,Birdella,83686269878
KPD9604724,Sharlene,Leifeste,27616198976
KPJ6726910,Meg,Drus,87526768484
KPL1839799,Madeleine,Christal,51514269742
KQC0405244,Grier,Cimbura,48631797561
KQK4936006,Linzy,Glenden,41650507906
KQO0093397,Linet,Janith,94065969486
KQP0460106,Raquela,Ramona,68675775277
KQX8005585,Ileana,LaRue,17928721338
KRZ3201593,Karlee,Alisia,30285191102
KSK4450762,Ardys,Marijo,69740821213
KSP1847417,Fredericka,Travax,28082031554
KST6422464,Tani,Faro,78308072333
KSU9865436,Suzette,Hamil,36311002533
KTP6456924,Yetty,Avi,85227916835
KTS5422581,Jorry,Stilwell,51741552579
KUG1503850,Etta,Chesna,58598007043
KUP4674059,Deirdre,Creamer,43571457343
KUW6059162,Millie,Sancho,71399582937
KUY1230238,Brietta,Campball,11890788242
KWH2645899,Aimil,Estella,23131525560
KWP8797231,Edee,Sharl,98199774789
KXJ5195889,Kirbee,Poppy,95201242849
KXN4274122,Dyann,Seligman,85605121096
KXQ3714335,Tybie,Tryck,71497390589
KYX8996601,Joceline,Demitria,37749898493
KZC1281434,Tersina,Millda,97770721481
LAU2488209,Aimil,Solitta,66112977955
LBQ3960930,Linzy,Pulsifer,21033185440
LBW1651998,Lulita,Colleen,68539251663
LCJ6933328,Alexine,Graig,49417481777
LEF6722601,Lanae,Wilona,94601759210
LMC1953418,Jenilee,Niles,76076692533
LMN2589525,Glenda,Cohdwell,35373959126
LMY9796595,Selia,Ariella,69215286747
LNI0689776,Mara,Edee,90934479195
LNO6696529,Hannis,Jaylene,46993100765
LNV7112322,Alyssa,Terencio,84060143764
LPD1312922,Candi,Dorothy,69875441528
LQK0333208,Tina,Forrer,30678500590
LQN0820338,Gloria,Colbert,32235907262
LRH6423931,Sabina,Leifeste,86596342425
LRW9031646,Lolita,Roxanna,34492692047
LSD7238182,Dagmar,Bebe,76237386533
LSG7605492,Gisela,Ellerey,65665139434
LSN3322260,Emilia,Joeann,74657877190
LSP0069352,Daphne,Carbo,75047689023
LSS7746640,Glenda,Nickola,10133876399
LUV0980719,Calla,Verger,12970389194
LVH6698363,Berta,Wandie,65630847143
LVP9920753,Oralee,Aprile,58053120062
LVW1624425,Gusty,Ackerley,89192050337
LWE0667578,Sibella,Kevon,32267292755
LXJ8109175,Roz,Tyson,03580890481
LYS6942919,Rosaline,Hanleigh,53036072859
MAC7832106,Brana,Longfellow,55779121549
MAJ4731078,Perry,Margret,53879408107
MAK1625523,Ermengarde,Claudine,30109995491
MBC8421322,Dorice,Alcott,80521477186
MBH8387206,Riannon,Zola,03103741445
MBU2450606,Gisela,Goode,14951820361
MBV2481228,Averyl,Gahl,91449522575
MCH7627790,Lily,Korey,65054210340
MDI1976208,Asia,Oscar,66210111637
MDK1419951,Charlena,Dichy,08878130727
MET9570489,Bettine,Tremayne,67991047311
MEU3532552,Jerry,Tufts,78368613480
MFC3427186,Elora,Wesle,79043964124
MGN3331099,Melodie,Korey,80962909864
MGN9368649,Ada,Francene,82771327640
MHP2806117,Darci,Standing,12023896058
MIH7720520,Marika,Eiser,10336624706
MIJ8338128,Carmela,Gilbertson,94357136740
MJL3131293,Edith,Alejoa,38774881602
MJR5884777,Alyda,Linskey,85504335114
MJX2144791,Coral,Jary,28247285289
MKH1558126,Inga,Lalitta,19557854437
MMI5605210,Melisent,Shields,99717724040
MML8105117,Zsa Zsa,Demitria,30643709933
MMU8485344,Abbie,Margret,08739995595
MMV5279002,Berget,Grayce,20027880220
MNA7973803,Elvira,Cavan,48285186847
MOB7237550,Carree,Francyne,80815121785
MPR1949971,Meg,Pascia,61694045562
MPR4886959,Marti,Papageno,15199153387
MQF9553175,Arlina,Tamsky,05773503019
MSC4884852,Suzette,Nore,87181020897
MSI8963235,Briney,Zenas,77166388705
MTK3473098,Augustine,Lumbard,41005978639
MUD9080528,Jaclyn,Wu,58397569441
MUH3207634,Willetta,Magdalen,84914487552
MUR7817427,Lorenza,Allina,25927105709
MVQ4453832,Jere,Georgy,88968280778
MWS5639384,Teddie,Reneta,11312080957
MWX1411811,Liana,Forrer,74091492772
MXH7685783,Lucy,Cath,51292985420
MXW2747201,Shel,Dituri,68000089778
MYO3867546,Justinn,Ruvolo,89342573241
MYQ6618235,Sharai,Dash,69155928779
MYW6819637,Edee,Clywd,60100138539
MZL6867144,Elfreda,Pelagias,85318394087
MZR7357182,Lila,Elvyn,05582349783
NAO1931162,Riannon,Septima,61420364080
NAX0299534,Berget,Bigner,30155658462
NDE6841611,Jacquetta,Markman,38976696203
NDM8342975,Queenie,Kimmie,89117506029
NEG6489074,Etta,Hoban,92259079142
NEK3856591,Meghann,Dreda,50038620151
NFQ9362547,Joceline,Pascia,45291897035
NFX7793938,Tilly,Gamaliel,15210685636
NJF8214687,Theodora,Westphal,96041985532
NLD9549686,Claresta,Kevon,80088365510
NLT5356973,Jean,Holtz,57679645637
NLZ5910668,Mireielle,Latini,54431119396
NNN9362287,Leona,Belldas,80138425748
NNT1628019,Michaelina,Ax,54576813296
NOS9122519,Nataline,Amethist,56235699744
NPB0524186,Fanny,Fiester,44858820932
NPE0828506,Amelia,Masao,53984560021
NQL2496567,Adele,Dorothy,64964761308
NQV6088456,Michaelina,Radu,83768638039
NQW9009392,Daphne,Hourigan,56578112301
NQY0353946,Aryn,Sallyann,88823995563
NUX4382538,Ira,Simmonds,09840686923
NVK4928366,Ingrid,Garlinda,45889498446
NVQ9289638,Jackie,Regan,29046475910
NXJ2143438,Paola,Monaco,89565783669
NXW7093503,Asia,Chauncey,54525546766
NYE0122355,Lolita,Fillbert,96893819951
OAR0372874,Vevay,Sprage,25992563312
OAV8199337,Beth,Catie,82035592387
OBE5827148,Hildegaard,Eben,43028470993
OCJ4172450,Kore,Marlie,47536290844
OEF9351789,Correy,Gilmour,63827915927
OEQ3090902,Mignon,Poppy,51073293085
OET3316219,Britte,Bebe,95530898964
OEW6807071,Helena,Hull,88928686751
OFF1253367,Christian,Maryanne,21220064448
OFN5895663,Concettina,Adore,68631727564
OFO3941078,Marline,Junie,13269555687
OFU1075302,Diena,Flita,00695794055
OHO4900419,Korrie,Septima,04150542249
OIJ8838019,Gilligan,Lenny,00716709431
OJE8909594,Madelle,Creamer,28690152520
OJN2339124,Hyacinthe,Saree,21114048867
OLF2859938,Lanna,Slifka,12488233155
OLN1485642,Sidoney,Tamsky,82980208840
OMP3169290,Sandie,Sprage,64851911814
OOB1216780,Annice,Revkah,30596260214
OOI2869762,Ana,Alfons,60463980795
OOO2756423,Dagmar,Swanhildas,10029282111
OOY9632181,Coral,Lane,66124946693
OPV9497080,Tarra,Hermes,09987928257
OSO2477176,Genevra,Marisa,79780562769
OUW8646592,Morganica,Goddard,15962755344
OVQ7403392,Rivalee,Buffum,75268965911
OWT1085381,Emmey,Howlyn,51652369657
OXM3241950,Gratia,Jary,05550402160
PBR2825307,Sibella,Louanna,92458749849
PCT0747547,Brietta,Deny,61003100761
PDD7211721,Bertine,Oscar,09488614380
PDE3386110,Celisse,Chobot,99228649203
PEH0372455,Gwenneth,Linehan,08702354489
PEL3958630,Marinna,Arquit,28443993127
PEZ0639744,Ketti,Gemini,02912301209
PFA3307864,Rosabelle,Rebecka,84682766612
PFM0393110,Diena,Zaslow,94724711590
PGF9643451,Amelia,Alfons,28822117209
PGG7956095,Ileana,Harl,77195016401
PGH1759577,Janeczka,Evangelia,01228504040
PHD6234508,Dulce,Elbertina,19296104558
PHN5183458,Candi,Rubie,49692007722
PIJ4490203,Kore,Mallon,90435790731
PIS0245256,Candy,Merat,31732512297
PIT1625945,Emmey,Lewes,87681861504
PIU5483541,Florencia,Bigner,16283842440
PJD8326176,Paulita,Wolfgram,83612544480
PJE2466706,Mureil,Thunell,54387758625
PJG5958385,Doro,Longfellow,02301505963
PKH0070986,Eadie,Jarib,27592230404
PKS6643977,Mary,Rebecka,50460932161
PKU0876492,Brandise,Gherardo,08935670368
PLZ3412356,Kaia,Codding,25834923745
PMI3472655,Johna,Sadowski,98768637078
PMP5115721,Gertrud,Ovid,80371131753
PMV7113610,Marcelline,Philoo,67444338555
PMW9608120,Courtnay,Garlinda,57508775973
PNC3974671,Marti,Uund,46121729075
PNJ4558282,Yvonne,Mozelle,80099565737
PNQ1908292,Kate,Clie,73582972568
POQ2799502,Karena,Fiann,71691618424
PPB7563110,Jaclyn,Naashom,10140132738
PQL8241465,Kassey,Tannie,37570089129
PQU6124187,Raf,Fink,97917470609
PRA0007601,Nariko,Penelopa,26929282301
PSC0969983,Cyndie,Erb,99282533017
PSF0792861,Phylis,Liva,94947091369
PSS5467480,Carlie,Raychel,10966693742
PTG9915783,Candy,Brackely,43973112457
PTX7739175,Elie,Lanita,47575437755
PUQ6260347,Fidelia,Rosette,37392282924
PUW1563404,Rosabelle,Marisa,95325751202
PVN4421294,Consuela,Poppy,74781741752
PVS6179871,Shannah,Morehouse,03888852938
PWD1874687,Siana,Gualtiero,50750348371
PWI0526541,Sara-Ann,Buckler,49769568908
PWR9421502,Monika,Carleen,48325148598
PZL0057793,Dale,Dituri,70062632552
QAT0725602,Gui,Stephie,76079583804
QAU8244546,Hyacinthe,Isidore,10684804691
QBL0725984,Judy,Killigrew,02683553632
QCH4011308,Arlena,Hazlett,83059369618
QCN9110821,Clary,Clarissa,37862180543
QCR7895599,Courtnay,Vivle,44052358607
QDF7972201,Latisha,Kirstin,78960810182
QEE7053497,Steffane,Moina,33730946677
QFJ7253465,Sheelagh,Hachmin,58939027334
QFP2646152,Bernardine,Westphal,93587365289
QHV9424767,Mallory,Vittoria,76303815598
QIF1974806,Corry,Gladstone,10284160174
QKY5074978,Kristina,Lasley,49465781143
QLA5497779,Mathilda,Thad,16630066919
QLL3754004,Chickie,Havens,19399914140
QMV9892029,Corene,Septima,81515420126
QND6732684,Ivett,O'Rourke,20312617754
QNF6083847,Atlanta,Shirberg,73302240408
QQG1882174,Renae,Carbo,09283289866
QRO1184056,Clo,Chauncey,86832090281
QRU4898085,Michaelina,Nester,85588631143
QSC9097712,Gusty,Drisko,61770871931
QSR1350004,Marleah,Elo,49266835315
QSR4302145,Quintina,Bashemeth,17110898874
QTS7431954,Lily,Goerke,69777599538
QTU3947362,Sissy,Susannah,60060195557
QUA5957210,Amara,Blake,11760759031
QVK4201065,Kenna,Donoghue,14847014005
QVL0352076,Orsola,Zuzana,08070010573
QVQ4755665,Kaia,Melony,66060363105
QWG9448301,Ezmeralda,Eldrid,27475830294
QWQ4729415,Adelle,Redmond,45155787163
QXV8596964,Lisette,Alarise,14009567286
QYV3399894,Silvana,Berl,04954697554
RAC7410947,Maryellen,Maroney,31630785147
RAI6638187,Genevra,Hessler,30184854712
RAS9085395,Sara-Ann,Nance,60243277314
RDP2080640,Miquela,Pettiford,51061727170
REB1949123,Gusty,Franza,90230149655
RFQ2738203,Pearline,Mehalek,36382847598
RFS0200248,Ellette,Quent,75856460488
RFS5076068,Aaren,Emerson,33759833683
RFY7389209,Selma,Darian,80584725688
RGC1136244,Ada,Hanleigh,12625702773
RGM4899827,Vinita,Honoria,67216162662
RGY4635809,Latisha,Korey,62293420400
RHI1271763,Petronia,Sidonius,95574169109
RHI9355065,Myriam,Kussell,37557265950
RIY8523735,Liana,Smitt,91747853120
RJG0917026,Dania,Simmonds,91620702991
RJI0972879,Barbi,Goerke,07373218267
RKA3376074,Caressa,Erich,52787831966
RKP9808027,Ileana,Brackely,48071025916
RLA8049776,Abbie,Thilda,31832142786
RLE1798252,Louella,Pearse,84897667923
RLL0053159,Kaia,Sasnett,83811175948
RMD3767052,Caryl,My,02909488846
RME1623371,Aryn,Jammal,52822110735
RMT3396620,Melanie,Carri,28580327922
RMT5421458,Janey,Celestine,98941923482
RNN7304910,Glenda,Arne,92721427319
RNQ6603661,Cyndie,Plato,55301927260
RNT7958498,Katleen,Kimmie,24390473187
RPQ5164120,Daryl,Camden,51592009597
RPS7148675,Nariko,An,46945738048
RQD3084640,Emilia,Colyer,70175005291
RQZ4008930,Rosene,Cassius,39656217674
RSW2720400,Corene,Graig,14503801557
RSZ0761182,Phylis,Tice,12561507176
RTY1245976,Deloria,Ardeha,10530439904
RUL8566975,Hollie,Craggie,37840446368
RUR4667466,Lelah,Gibbeon,49269555039
RVD8402499,Stacey,Longfellow,55243643474
RVM0862179,Alleen,Dulciana,01567172383
RWB6908493,Dorice,Bultman,54955886466
RWG8665538,Dagmar,Stacy,84713333046
RWU2492573,Binny,Emanuel,47949477110
RWU8855711,Marguerite,Tamar,62717216875
RXF3895878,Oona,Fry,22565576376
RYJ3677969,Gusella,Minetta,57600078106
RZI4507549,Marleah,Rhu,84571573351
RZP8480920,Margarette,Karl,18091449361
SBF6895192,Fayre,Cavan,31201013456
SBS0534747,Corly,Nance,35292070108
SCH6778253,Alleen,Pierette,69653746790
SDH9570313,Ardeen,Anastatius,83722951291
SDU0333561,Kassey,Keelia,78311625579
SFH3154027,Margalo,Kermit,00315290218
SFL1089388,Gwyneth,Wenoa,59041338287
SHS6711826,Shel,Dalli,72174628615
SHX6986966,Kelly,Lorenz,84409045903
SIY7533292,Alia,Magdalen,60457727810
SKK8167491,Ayn,Azeria,02181506696
SLM9260958,Siana,Dannye,28003724954
SMQ8025687,Hallie,Tamsky,76345797000
SNA6454538,Rochette,Buttaro,73062181422
SNB4716424,Merrie,Dorine,05333733886
SOZ6130923,Gretal,Xerxes,89989079541
SQH3433683,Olwen,Vins,66294325626
SQH8146117,Leona,Modie,81858880581
SRE7717360,Vivia,Riva,75825909530
SSB8249032,Frieda,Donoghue,37688921356
SSJ7731050,Rani,Zeeba,80633614161
SSX0757787,Lucy,Delacourt,69401000261
SVZ3632996,Madalyn,Terencio,14107990397
SWG6181744,Dode,Randene,79877271890
SXJ4975233,Katharina,Behre,92428031017
SXL1031776,Kristan,Faso,05906922130
SXY5606515,Rayna,Faso,47455826721
SYF1319034,Goldie,Standing,17579479690
SYI4021840,Lenna,Gaspard,05871107208
SZH9451917,Brynna,Dash,75829148116
SZN3335370,Carilyn,Old,28997548374
SZX9466436,Hermione,Trinetta,43026548669
TAM7116843,Aryn,Cassius,07214429294
TAP8993560,Latisha,Masao,18554806411
TAZ7897764,Roxane,Carvey,71618321423
TCF4173132,Leanna,Ax,80649238591
TCH6946295,Rhea,Leffen,47258827171
TCL0572765,Kelly,Gaspard,83267811952
TDO3501766,Carilyn,Adore,99833540713
TET4580951,Brena,Heisel,88633180741
TEZ0024281,Phedra,Emerson,94871222439
TFR0239512,Bettine,Tybald,96280978290
TFY9003468,Sonni,Helve,90889368695
TGO2710129,Evita,Carleen,57787184228
TGO8491185,Carlie,Raseda,54005612234
THO7353322,Desirae,Center,54482552261
TJB7091905,Winny,Nea,73129875949
TKH9627525,Petronia,Marijo,09980949511
TKP4381020,Berget,Voletta,92823668265
TLD3704312,Zaria,Geffner,16554788659
TLE6929860,Karlee,Philoo,36809812260
TLK8805820,Gretal,Jaylene,76909101083
TMB1206042,Bernie,Nisbet,22098626087
TMG4771777,Janey,Prouty,92519775651
TMN2142971,Hermione,Westphal,63820566627
TNB1217623,Shaylyn,Isacco,32901320517
TNQ6296578,Merle,Lacombe,32786594959
TNT0506965,Stevana,Orpah,71378337349
TOT9764897,Valeda,Podvin,95139362663
TOU0194122,Tori,Greenwald,74073298665
TTE2257863,Calla,Eldrid,42215553240
TTG8990863,Mady,Pond,33989830916
TTX4786705,Laurene,Joseph,22385579938
TUB4321146,Audrie,Hanleigh,22694901378
TVB0656111,Vita,Munn,01867469275
TVE8289922,Tybie,Lilas,88422599018
TVH2490064,Maisey,Korey,40485419383
TWJ6911611,Kial,Prober,32371000915
TWM8372546,Carree,Gordon,81041778792
TXK3954572,Dagmar,Rona,80899565145
TXY4243605,Siana,Paton,36303744933
TYE5160080,Hayley,Blake,56051572432
TYP9642240,Christian,Kat,45014838569
TZB5719214,Rayna,Anastatius,26277684224
UAJ1775311,Emilia,Hieronymus,06113744230
UBD7285299,Kamilah,Pettiford,47349381171
UBG7800044,Doro,Erlandson,63319445906
UBS8145997,Wanda,Ries,74019977321
UCI9538881,Emma,Robertson,36946091987
UCR0289835,Deedee,Iiette,44859369680
UDY9177732,Roxane,Prouty,83112028981
UEK9144278,Jerry,Haymes,15318716186
UFA8549239,Ilse,Vilma,84555707607
UFI3923230,Atlanta,Pyle,77968648869
UFI9467348,Tani,Audly,63667153045
UFV6743128,Krystle,Teryn,06186228884
UFX6229628,Winifred,Raseda,79425360837
UFY4399801,Rani,Weaks,73095831846
UGP1469341,Emelina,Gemini,02394037939
UHJ4662351,Emelina,Macey,50203393144
UIN3231853,Gilda,Fancie,83698022941
UIU7945249,Madelle,Beebe,17697687562
UJA1834558,Marylou,Behre,18510788401
UJQ7988458,Regina,Dash,65080005487
UJX7763183,Alyda,Birdella,11738684990
UKS2334357,Winifred,Klotz,63913998969
ULH7425994,Tobe,Tamar,25871527640
UMB6006522,Alex,Hachmin,30448377912
UMC7527330,Penelopa,Ries,72854035593
UME3211299,Nyssa,Carbo,75507675339
UNJ5451115,Lusa,Sparhawk,56228651275
UOA9408808,Ingrid,Grimbly,59104819048
UQC1601183,Sophia,Matthew,44251405967
URJ6305659,Tatiania,Pillsbury,59384210826
URK2940435,Marti,Tybald,31969707045
USK7916288,Emmey,Ellerey,27916224559
UTD5506882,Kerrin,Gaspard,65579567769
UTF1288256,Elise,Jalbert,81476976198
UTM9522093,Kassey,Sharl,42691045382
UTO8761034,Katuscha,Edison,53661937110
UTX9023266,Angela,Georgy,16811316581
UUI0036905,Jolyn,Leary,68385776216
UUV4162730,Julieta,Larochelle,75110458159
UVD0461144,Gertrud,Rese,67568698818
UVM6177949,Winifred,Primalia,10950627055
UXJ1061104,Libbie,Harl,24435940850
UYH8303869,Tersina,Codding,71101849629
UYN9205437,Selma,Willie,19900067618
UYU0667178,Stevana,Belanger,71031275642
UZP7055254,Lorenza,Cecile,08980325659
UZT2649523,Anallese,Lane,00275743131
VAQ2201399,Jobi,Revkah,92547464373
VAZ7666595,Jenda,Odysseus,06301922288
VBA9501454,Stephanie,Douglass,37407353751
VBN2429031,Donnie,Tarrant,32472960326
VCL0299244,Deirdre,Winthorpe,44879441522
VCT1418926,Latisha,Persse,96789385396
VDY4761901,Deloria,Radu,53133092465
VEL6173373,Calla,Amand,35527806023
VFD0749993,Desirae,Vary,84848654756
VFE8812787,Karina,Lytton,75596772189
VFJ8500278,Aeriela,Odell,06560958326
VGJ9133738,Fred,Taima,85453861852
VIN5849095,Caritta,Louanna,37962649099
VJJ2883369,Heida,Deegan,88389770354
VJK9871334,Lexine,Malvino,41963418814
VJY3059978,Gerianna,Belldas,13273838777
VNB3704758,Ashlee,Viddah,35884228079
VOD7315276,Verla,Tyson,84828910774
VPH3385174,Paulita,Shelba,29536073370
VQC6125920,Fawne,Dowski,62996584339
VQZ3607091,Ezmeralda,Erminia,70645078488
VRP9525767,Anallese,O'Rourke,67076414588
VSS9412495,Ketti,Yate,42782119950
VWP2634155,Glenda,Leary,52849599302
VWX1232295,Ninnetta,Noam,86695172819
VXE8194242,Ariela,Norrie,08111004968
VXZ0309043,Micheline,Rad,55961375221
WAZ0539198,Petronia,Mandler,70017787165
WCB8111339,Kassey,Anastatius,83963306864
WCX8166123,Nannie,Meli,85173718649
WDF3344372,Micheline,Hunfredo,48858244002
WFL8193403,Marita,Travax,78679511504
WFT1918834,Darci,Egbert,87424431830
WGB1297223,Korrie,Celestine,70563206515
WGV0148160,Oona,Geffner,94153352938
WHL5677536,Felice,Lewes,10401550027
WIM4052559,Alexine,Robertson,78976463878
WIV5763991,Michaelina,Carri,21306117809
WJF9399896,Sheelagh,Rogerio,44930243422
WJO3598571,Rosaline,Gladstone,46098501290
WJR4247669,Ezmeralda,Slifka,72958715285
WKQ9268311,Gisela,Kirbee,50840024659
WLJ8020378,Gusella,Mehalek,39468800460
WMX7521455,Genevra,Fancie,42316641109
WNA9503657,Brianna,Prouty,66685080154
WNO4319601,Lita,Berard,11451898159
WOB9043399,Lynde,Remmer,38436583474
WOC5290089,Michaelina,Hessler,76253128762
WOI4495500,Minda,Cloris,51437769932
WOQ2529589,Dede,Hylan,72662763989
WRU0355360,Augustine,Goth,20408199987
WSA6742848,Calla,Sidonius,09517515478
WST0888468,Lila,Malina,18026950662
WSV7429356,Nadine,Anselmi,56623538654
WTI8803046,Clarice,Stoller,75189174516
WVL0006260,Elise,Aida,03872017302
WYT0709399,Lauryn,McLaughlin,57912513461
WZF3186980,Gusty,Seessel,15529633471
XAD6126044,Jan,Flita,12446335276
XAD9836376,Margette,Charmine,41473475211
XAE4957246,Ricky,Lucienne,27550673480
XCJ6386402,Jinny,Codding,05538830459
XCW8083882,Melanie,Blisse,84071642062
XFB1511658,Bobbi,Pettiford,51180108900
XHF5855108,Dorice,Malvino,84842917464
XHJ9457749,Eolanda,Faro,68716638157
XIA0089373,Belva,Rillings,32960453936
XJE3723213,Lisette,Anselmi,91742871907
XJN0644882,Elora,O'Neill,13439781633
XJU2445445,Judy,Rillings,94007221916
XKK0080819,Cristine,Corabella,28642198880
XOC0891938,Demetris,Isacco,33120962127
XPD4126086,Edyth,Klemperer,55121909501
XQM7468675,Elie,Fadiman,07337640329
XRU5891857,Aurelie,Niles,59071158610
XSI7933547,Dorthy,Oneida,44967074581
XTN3435455,Olwen,Rheingold,36196238970
XTT1688086,Sherrie,Chinua,81054062373
XTY8597667,Janeczka,Rustice,64783595441
XUJ3765121,Kayla,Lasley,42076387077
XUY6206317,Gretal,Bollay,38582543798
XVL0579790,Flo,Janene,13812537629
XVZ6919046,Gui,Anastatius,84418274723
XWC9741581,Renae,Luhe,92169053916
XWF2683389,Gloria,Joli,74138002095
XWQ8476563,Tina,Erlandson,83274639025
XXD1552791,Roberta,Pearse,59242776769
XXZ6474944,Genevra,Schwejda,14983168024
XYB3687244,Sallie,Callista,41500023231
XZZ6689626,Lucy,Tremayne,22321881149
YBH1934512,Raf,Eno,83527241559
YBZ8101939,Roz,Tillford,09779377950
YCN5439378,Jacquetta,Truc,89559430978
YDL4217426,Kellen,Remmer,38650176441
YDP8709119,Vonny,Oriana,59709730491
YEM5171361,Ruthe,Parette,87822856660
YFC3260688,Lindie,Isacco,36110219196
YGG8834366,Caressa,Trey,53322549228
YHF8064313,Michaelina,Carbo,95346050481
YHJ3138640,Shaine,Selway,38730348600
YHM9182387,Margalo,Orelee,06805713371
YIB0985511,Jacquetta,Chrystel,65911770186
YIQ8880971,Miquela,Clarissa,66298198338
YKI6674472,Mahalia,Barney,68608997578
YKO9652213,Jasmina,Margret,54671973566
YKV4048320,Frank,Thema,32239756182
YLG4071611,Merrie,Kunin,78007861736
YLG4702375,Goldie,Fitzsimmons,96979423499
YMA3931064,Claudina,Jena,83049052252
YME3237020,Quintina,Anis,16417080038
YMS0923575,Henriette,Eno,19651509195
YNB5612511,Lusa,Lenny,82841104038
YNI5620648,Janeczka,Delila,82941295061
YNO4100899,Thalia,Schroth,79980755545
YOW5094206,Annecorinne,Janene,83468449005
YPU5466403,Courtnay,Khorma,17580402934
YQU7745640,Gui,Thomasina,26549527031
YQY1969962,Danika,Poppy,71324670400
YRL6288684,Kaia,Idelia,08731648786
YSX4849879,Leia,Maisey,11156109448
YTK8177278,Judy,Ajay,70509092601
YUC0872920,Joelly,Damarra,23681249111
YUF1787719,Millie,Stelle,30125298189
YUI1135982,Etta,Kauppi,49971207669
YVO8361945,Gui,Lalitta,70888732988
YWB8659873,Kristina,Ailyn,77134341797
YXG7426565,Olwen,Whiffen,32122883588
YYA0948088,Mara,Nester,34578825576
YYB1615063,Kassey,Argus,13180204174
YYJ3540043,Jaclyn,Giule,67739686697
YYO8372978,Concettina,Melan,07353267605
ZAO5617662,Fidelia,Bollay,81194364814
ZBI1547754,Gale,Konyn,47731207127
ZBQ6237481,Gisela,Amasa,19277995661
ZCC9189963,Sabina,Jehu,43159409534
ZDH6962432,Dulcinea,McLaughlin,07409036669
ZFB1959271,Carlie,Zitvaa,93374631139
ZFS2222521,Roberta,Fosque,09888343147
ZGI2474399,Gaylene,Tippets,06407011003
ZGY4587716,Alexine,Baylor,24354494380
ZHJ4686687,Petronia,Medrek,52594450925
ZIR9443356,Sonni,Teddman,07375088941
ZJT8404932,Vonny,Joseph,72897568550
ZKP7357125,Suzette,Masao,12369484739
ZKT0788749,Zsa Zsa,Kimmie,00215765124
ZLC8949778,Paola,Kussell,67442371871
ZLD8176248,Jemie,Eiser,25504397468
ZLW3710411,Mady,Anton,14649693408
ZMD2285957,Demetris,Erskine,80059085803
ZMK3590395,Camile,Hull,90544592839
ZMP7864637,Catharine,Fax,35910217217
ZMZ5147532,Nariko,Philoo,07941455774
ZNF6528884,Orsola,Hartnett,30397777043
ZNI7117593,Rhea,Koziara,39499839247
ZNT0561139,Ursulina,Hessler,03985858296
ZOL9191677,Courtnay,Travax,65227564499
ZON1757363,Goldie,Papageno,80785880273
ZSS8964752,Selia,Calhoun,63523317068
ZUD3047709,Debee,Zenas,30364978074
ZVB8880567,Marline,Rosette,79750580260
ZVG1385657,Modestia,Parsaye,24913243660
ZVJ6551216,Christian,Drus,35565476450
ZVX1769494,Kaja,Buffum,07434376802
ZYO8401747,Raf,Phi,09788696749
ZZS1390086,Wendi,Maurine,12735619276
ZZU5588800,Cherilyn,Nore,42680687444